Membership No,First Name,Surname,Address Line 1,Address Line 2,Town,Postcode,Join Date,Email,send_email
10300000001,13Mar-1,AlexTest-1,39 Birstall Lane,139 Acomb,London,YO26 5NE,1/3/2011,alexandru.puiu@atomate.net,1
10300000002,13Mar-2,AlexTest-2,40 Birstall Lane,140 Acomb,London,YO26 5NE,1/3/2012,alexandru.puiu+acme13Mar-1@atomate.net,
10300000003,13Mar-3,AlexTest-3,41 Birstall Lane,141 Acomb,London,YO26 5NE,1/3/2013,alexandru.puiu+acme13Mar-2@atomate.net,
10300000004,13Mar-4,AlexTest-4,42 Birstall Lane,142 Acomb,London,YO26 5NE,1/3/2014,alexandru.puiu+acme13Mar-3@atomate.net,
10300000005,13Mar-5,AlexTest-5,43 Birstall Lane,143 Acomb,London,YO26 5NE,1/3/2015,alexandru.puiu+acme13Mar-4@atomate.net,
10300000006,13Mar-6,AlexTest-6,44 Birstall Lane,144 Acomb,London,YO26 5NE,1/3/2016,alexandru.puiu+acme13Mar-5@atomate.net,
10300000007,13Mar-7,AlexTest-7,45 Birstall Lane,145 Acomb,London,YO26 5NE,1/3/2017,alexandru.puiu+acme13Mar-6@atomate.net,
10300000008,13Mar-8,AlexTest-8,46 Birstall Lane,146 Acomb,London,YO26 5NE,1/3/2011,alexandru.puiu+acme13Mar-7@atomate.net,
10300000009,13Mar-9,AlexTest-9,47 Birstall Lane,147 Acomb,London,YO26 5NE,1/3/2011,alexandru.puiu+acme13Mar-8@atomate.net,
10300000010,13Mar-10,AlexTest-10,48 Birstall Lane,148 Acomb,London,YO26 5NE,1/3/2011,alexandru.puiu+acme13Mar-9@atomate.net,
10300000011,13Mar-11,AlexTest-11,49 Birstall Lane,149 Acomb,London,YO26 5NE,1/3/2011,alexandru.puiu+acme13Mar-10@atomate.net,
10300000012,13Mar-12,AlexTest-12,50 Birstall Lane,150 Acomb,London,YO26 5NE,1/3/2011,alexandru.puiu+acme13Mar-11@atomate.net,
10300000013,13Mar-13,AlexTest-13,51 Birstall Lane,151 Acomb,London,YO26 5NE,1/3/2011,alexandru.puiu+acme13Mar-12@atomate.net,
10300000014,13Mar-14,AlexTest-14,52 Birstall Lane,152 Acomb,London,YO26 5NE,1/3/2011,alexandru.puiu+acme13Mar-13@atomate.net,
10300000015,13Mar-15,AlexTest-15,53 Birstall Lane,153 Acomb,London,YO26 5NE,1/3/2011,alexandru.puiu+acme13Mar-14@atomate.net,
10300000016,13Mar-16,AlexTest-16,54 Birstall Lane,154 Acomb,London,YO26 5NE,1/3/2011,alexandru.puiu+acme13Mar-15@atomate.net,
10300000017,13Mar-17,AlexTest-17,55 Birstall Lane,155 Acomb,London,YO26 5NE,1/3/2011,alexandru.puiu+acme13Mar-16@atomate.net,
10300000018,13Mar-18,AlexTest-18,56 Birstall Lane,156 Acomb,London,YO26 5NE,1/3/2011,alexandru.puiu+acme13Mar-17@atomate.net,
10300000019,13Mar-19,AlexTest-19,57 Birstall Lane,157 Acomb,London,YO26 5NE,1/3/2011,alexandru.puiu+acme13Mar-18@atomate.net,
10300000020,13Mar-20,AlexTest-20,58 Birstall Lane,158 Acomb,London,YO26 5NE,1/3/2011,alexandru.puiu+acme13Mar-19@atomate.net,
10300000021,13Mar-21,AlexTest-21,59 Birstall Lane,159 Acomb,London,YO26 5NE,1/3/2011,alexandru.puiu+acme13Mar-20@atomate.net,
10300000022,13Mar-22,AlexTest-22,60 Birstall Lane,160 Acomb,London,YO26 5NE,1/3/2011,alexandru.puiu+acme13Mar-21@atomate.net,
10300000023,13Mar-23,AlexTest-23,61 Birstall Lane,161 Acomb,London,YO26 5NE,1/3/2011,alexandru.puiu+acme13Mar-22@atomate.net,
10300000024,13Mar-24,AlexTest-24,62 Birstall Lane,162 Acomb,London,YO26 5NE,1/3/2011,alexandru.puiu+acme13Mar-23@atomate.net,
10300000025,13Mar-25,AlexTest-25,63 Birstall Lane,163 Acomb,London,YO26 5NE,1/3/2011,alexandru.puiu+acme13Mar-24@atomate.net,
10300000026,13Mar-26,AlexTest-26,64 Birstall Lane,164 Acomb,London,YO26 5NE,1/3/2011,alexandru.puiu+acme13Mar-25@atomate.net,
10300000027,13Mar-27,AlexTest-27,65 Birstall Lane,165 Acomb,London,YO26 5NE,1/3/2011,alexandru.puiu+acme13Mar-26@atomate.net,
10300000028,13Mar-28,AlexTest-28,66 Birstall Lane,166 Acomb,London,YO26 5NE,1/3/2011,alexandru.puiu+acme13Mar-27@atomate.net,
10300000029,13Mar-29,AlexTest-29,67 Birstall Lane,167 Acomb,London,YO26 5NE,1/3/2011,alexandru.puiu+acme13Mar-28@atomate.net,
10300000030,13Mar-30,AlexTest-30,68 Birstall Lane,168 Acomb,London,YO26 5NE,1/3/2011,alexandru.puiu+acme13Mar-29@atomate.net,
10300000031,13Mar-31,AlexTest-31,69 Birstall Lane,169 Acomb,London,YO26 5NE,1/3/2011,alexandru.puiu+acme13Mar-30@atomate.net,
10300000032,13Mar-32,AlexTest-32,70 Birstall Lane,170 Acomb,London,YO26 5NE,1/3/2011,alexandru.puiu+acme13Mar-31@atomate.net,
10300000033,13Mar-33,AlexTest-33,71 Birstall Lane,171 Acomb,London,YO26 5NE,1/3/2011,alexandru.puiu+acme13Mar-32@atomate.net,
10300000034,13Mar-34,AlexTest-34,72 Birstall Lane,172 Acomb,London,YO26 5NE,1/3/2011,alexandru.puiu+acme13Mar-33@atomate.net,
10300000035,13Mar-35,AlexTest-35,73 Birstall Lane,173 Acomb,London,YO26 5NE,1/3/2011,alexandru.puiu+acme13Mar-34@atomate.net,
10300000036,13Mar-36,AlexTest-36,74 Birstall Lane,174 Acomb,London,YO26 5NE,1/3/2011,alexandru.puiu+acme13Mar-35@atomate.net,
10300000037,13Mar-37,AlexTest-37,75 Birstall Lane,175 Acomb,London,YO26 5NE,1/3/2011,alexandru.puiu+acme13Mar-36@atomate.net,
10300000038,13Mar-38,AlexTest-38,76 Birstall Lane,176 Acomb,London,YO26 5NE,1/3/2011,alexandru.puiu+acme13Mar-37@atomate.net,
10300000039,13Mar-39,AlexTest-39,77 Birstall Lane,177 Acomb,London,YO26 5NE,1/3/2011,alexandru.puiu+acme13Mar-38@atomate.net,
10300000040,13Mar-40,AlexTest-40,78 Birstall Lane,178 Acomb,London,YO26 5NE,1/3/2011,alexandru.puiu+acme13Mar-39@atomate.net,
10300000041,13Mar-41,AlexTest-41,79 Birstall Lane,179 Acomb,London,YO26 5NE,1/3/2011,alexandru.puiu+acme13Mar-40@atomate.net,
10300000042,13Mar-42,AlexTest-42,80 Birstall Lane,180 Acomb,London,YO26 5NE,1/3/2011,alexandru.puiu+acme13Mar-41@atomate.net,
10300000043,13Mar-43,AlexTest-43,81 Birstall Lane,181 Acomb,London,YO26 5NE,1/3/2011,alexandru.puiu+acme13Mar-42@atomate.net,
10300000044,13Mar-44,AlexTest-44,82 Birstall Lane,182 Acomb,London,YO26 5NE,1/3/2011,alexandru.puiu+acme13Mar-43@atomate.net,
10300000045,13Mar-45,AlexTest-45,83 Birstall Lane,183 Acomb,London,YO26 5NE,1/3/2011,alexandru.puiu+acme13Mar-44@atomate.net,
10300000046,13Mar-46,AlexTest-46,84 Birstall Lane,184 Acomb,London,YO26 5NE,1/3/2011,alexandru.puiu+acme13Mar-45@atomate.net,
10300000047,13Mar-47,AlexTest-47,85 Birstall Lane,185 Acomb,London,YO26 5NE,1/3/2011,alexandru.puiu+acme13Mar-46@atomate.net,
10300000048,13Mar-48,AlexTest-48,86 Birstall Lane,186 Acomb,London,YO26 5NE,1/3/2011,alexandru.puiu+acme13Mar-47@atomate.net,
10300000049,13Mar-49,AlexTest-49,87 Birstall Lane,187 Acomb,London,YO26 5NE,1/3/2011,alexandru.puiu+acme13Mar-48@atomate.net,
10300000050,13Mar-50,AlexTest-50,88 Birstall Lane,188 Acomb,London,YO26 5NE,1/3/2011,alexandru.puiu+acme13Mar-49@atomate.net,
10300000051,13Mar-51,AlexTest-51,89 Birstall Lane,189 Acomb,London,YO26 5NE,1/3/2011,alexandru.puiu+acme13Mar-50@atomate.net,
10300000052,13Mar-52,AlexTest-52,90 Birstall Lane,190 Acomb,London,YO26 5NE,1/3/2011,alexandru.puiu+acme13Mar-51@atomate.net,
10300000053,13Mar-53,AlexTest-53,91 Birstall Lane,191 Acomb,London,YO26 5NE,1/3/2011,alexandru.puiu+acme13Mar-52@atomate.net,
10300000054,13Mar-54,AlexTest-54,92 Birstall Lane,192 Acomb,London,YO26 5NE,1/3/2011,alexandru.puiu+acme13Mar-53@atomate.net,
10300000055,13Mar-55,AlexTest-55,93 Birstall Lane,193 Acomb,London,YO26 5NE,1/3/2011,alexandru.puiu+acme13Mar-54@atomate.net,
10300000056,13Mar-56,AlexTest-56,94 Birstall Lane,194 Acomb,London,YO26 5NE,1/3/2011,alexandru.puiu+acme13Mar-55@atomate.net,
10300000057,13Mar-57,AlexTest-57,95 Birstall Lane,195 Acomb,London,YO26 5NE,1/3/2011,alexandru.puiu+acme13Mar-56@atomate.net,
10300000058,13Mar-58,AlexTest-58,96 Birstall Lane,196 Acomb,London,YO26 5NE,1/3/2011,alexandru.puiu+acme13Mar-57@atomate.net,
10300000059,13Mar-59,AlexTest-59,97 Birstall Lane,197 Acomb,London,YO26 5NE,1/3/2011,alexandru.puiu+acme13Mar-58@atomate.net,
10300000060,13Mar-60,AlexTest-60,98 Birstall Lane,198 Acomb,London,YO26 5NE,1/3/2011,alexandru.puiu+acme13Mar-59@atomate.net,
10300000061,13Mar-61,AlexTest-61,99 Birstall Lane,199 Acomb,London,YO26 5NE,1/3/2011,alexandru.puiu+acme13Mar-60@atomate.net,
10300000062,13Mar-62,AlexTest-62,100 Birstall Lane,200 Acomb,London,YO26 5NE,1/3/2011,alexandru.puiu+acme13Mar-61@atomate.net,
10300000063,13Mar-63,AlexTest-63,101 Birstall Lane,201 Acomb,London,YO26 5NE,1/3/2011,alexandru.puiu+acme13Mar-62@atomate.net,
10300000064,13Mar-64,AlexTest-64,102 Birstall Lane,202 Acomb,London,YO26 5NE,1/3/2011,alexandru.puiu+acme13Mar-63@atomate.net,
10300000065,13Mar-65,AlexTest-65,103 Birstall Lane,203 Acomb,London,YO26 5NE,1/3/2011,alexandru.puiu+acme13Mar-64@atomate.net,
10300000066,13Mar-66,AlexTest-66,104 Birstall Lane,204 Acomb,London,YO26 5NE,1/3/2011,alexandru.puiu+acme13Mar-65@atomate.net,
10300000067,13Mar-67,AlexTest-67,105 Birstall Lane,205 Acomb,London,YO26 5NE,1/3/2011,alexandru.puiu+acme13Mar-66@atomate.net,
10300000068,13Mar-68,AlexTest-68,106 Birstall Lane,206 Acomb,London,YO26 5NE,1/3/2011,alexandru.puiu+acme13Mar-67@atomate.net,
10300000069,13Mar-69,AlexTest-69,107 Birstall Lane,207 Acomb,London,YO26 5NE,1/3/2011,alexandru.puiu+acme13Mar-68@atomate.net,
10300000070,13Mar-70,AlexTest-70,108 Birstall Lane,208 Acomb,London,YO26 5NE,1/3/2011,alexandru.puiu+acme13Mar-69@atomate.net,
10300000071,13Mar-71,AlexTest-71,109 Birstall Lane,209 Acomb,London,YO26 5NE,1/3/2011,alexandru.puiu+acme13Mar-70@atomate.net,
10300000072,13Mar-72,AlexTest-72,110 Birstall Lane,210 Acomb,London,YO26 5NE,1/3/2011,alexandru.puiu+acme13Mar-71@atomate.net,
10300000073,13Mar-73,AlexTest-73,111 Birstall Lane,211 Acomb,London,YO26 5NE,1/3/2011,alexandru.puiu+acme13Mar-72@atomate.net,
10300000074,13Mar-74,AlexTest-74,112 Birstall Lane,212 Acomb,London,YO26 5NE,1/3/2011,alexandru.puiu+acme13Mar-73@atomate.net,
10300000075,13Mar-75,AlexTest-75,113 Birstall Lane,213 Acomb,London,YO26 5NE,1/3/2011,alexandru.puiu+acme13Mar-74@atomate.net,
10300000076,13Mar-76,AlexTest-76,114 Birstall Lane,214 Acomb,London,YO26 5NE,1/3/2011,alexandru.puiu+acme13Mar-75@atomate.net,
10300000077,13Mar-77,AlexTest-77,115 Birstall Lane,215 Acomb,London,YO26 5NE,1/3/2011,alexandru.puiu+acme13Mar-76@atomate.net,
10300000078,13Mar-78,AlexTest-78,116 Birstall Lane,216 Acomb,London,YO26 5NE,1/3/2011,alexandru.puiu+acme13Mar-77@atomate.net,
10300000079,13Mar-79,AlexTest-79,117 Birstall Lane,217 Acomb,London,YO26 5NE,1/3/2011,alexandru.puiu+acme13Mar-78@atomate.net,
10300000080,13Mar-80,AlexTest-80,118 Birstall Lane,218 Acomb,London,YO26 5NE,1/3/2011,alexandru.puiu+acme13Mar-79@atomate.net,
10300000081,13Mar-81,AlexTest-81,119 Birstall Lane,219 Acomb,London,YO26 5NE,1/3/2011,alexandru.puiu+acme13Mar-80@atomate.net,
10300000082,13Mar-82,AlexTest-82,120 Birstall Lane,220 Acomb,London,YO26 5NE,1/3/2011,alexandru.puiu+acme13Mar-81@atomate.net,
10300000083,13Mar-83,AlexTest-83,121 Birstall Lane,221 Acomb,London,YO26 5NE,1/3/2011,alexandru.puiu+acme13Mar-82@atomate.net,
10300000084,13Mar-84,AlexTest-84,122 Birstall Lane,222 Acomb,London,YO26 5NE,1/3/2011,alexandru.puiu+acme13Mar-83@atomate.net,
10300000085,13Mar-85,AlexTest-85,123 Birstall Lane,223 Acomb,London,YO26 5NE,1/3/2011,alexandru.puiu+acme13Mar-84@atomate.net,
10300000086,13Mar-86,AlexTest-86,124 Birstall Lane,224 Acomb,London,YO26 5NE,1/3/2011,alexandru.puiu+acme13Mar-85@atomate.net,
10300000087,13Mar-87,AlexTest-87,125 Birstall Lane,225 Acomb,London,YO26 5NE,1/3/2011,alexandru.puiu+acme13Mar-86@atomate.net,
10300000088,13Mar-88,AlexTest-88,126 Birstall Lane,226 Acomb,London,YO26 5NE,1/3/2011,alexandru.puiu+acme13Mar-87@atomate.net,
10300000089,13Mar-89,AlexTest-89,127 Birstall Lane,227 Acomb,London,YO26 5NE,1/3/2011,alexandru.puiu+acme13Mar-88@atomate.net,
10300000090,13Mar-90,AlexTest-90,128 Birstall Lane,228 Acomb,London,YO26 5NE,1/3/2011,alexandru.puiu+acme13Mar-89@atomate.net,
10300000091,13Mar-91,AlexTest-91,129 Birstall Lane,229 Acomb,London,YO26 5NE,1/3/2011,alexandru.puiu+acme13Mar-90@atomate.net,